height,hash,total_vp,cosmosvalcons1dg72e6h2tpkf4uc9zfyadle5js5rthcs892vnj,cosmosvalcons1pk34jc9vww287s2ef8k6lzz7r2dpscms7af6ny,cosmosvalcons1nyquekjzh9ywmhyrt76u32cxwv9fcg7dxprygj,cosmosvalcons172wrmvq0w0m4mp9hmlw80pal0z53c65punhf2k,cosmosvalcons15w5mjufgd8ezfa83709nmews88tzdrepugw2jd,cosmosvalcons1kke43d43wpfw9cdqpw8d0qf8ll0ltp90a4jpja,cosmosvalcons1e5x6sh63qdz74m9h8thddc7zceddyljnhkcdsu,cosmosvalcons123zrau6pyk7mma6d3c0armpc2utqau7vm88u9x,cosmosvalcons1zq7v8lz7jrqyacsgh5r3dhygj4ffymhckysvw6,cosmosvalcons1lx9nq9909u49ezzjyc7ktg9k08ahnxuvhsj2ym,cosmosvalcons1z5q6n9hd24mlcew407f2ej8ptnnt0haddknugk,cosmosvalcons18wv3ddgpc5lrsq2kwc5z798z4tcztak9yny2x5,cosmosvalcons13feufd67xc8lrydcgjnphzz95zkkt5sgwkzccn,cosmosvalcons12freezz7w0f02ux50e0sgvmc2pgn2rw3pukgsc,cosmosvalcons1lj2q9l6t2wutwf3yclaj3h0yj7t7736t09d42h,cosmosvalcons16hf7ktj7yds8sta04d7qk0z9hla3tpatsd0vf5,cosmosvalcons1yna32lcuhtjkq7f4nsnp9ln8wykwjepxhxsr5g,cosmosvalcons1jh3lz46dmdgr7quqmx9fwmsvlprfhp60x8aaer,cosmosvalcons1qqlx7730mz96503pz729vu07pkv5u9ca85dhwe,cosmosvalcons1qwzmrx23fayrsudhhqq6jgal2wthk2gklq43vd,cosmosvalcons1q04tlwzqn38k9fej50tj3t929cf5q06s37z0y8,cosmosvalcons1q4ht5pn0kc64le4crl0nwhqumh6maw7x37696r,cosmosvalcons1pw8cra4g934nwzxkrykz45d4xgy7qnmvvtuaqt,cosmosvalcons1ze39xyf4t3ye8ldxn5scsaw2adur7ek4tt5jmp,cosmosvalcons1rca0mkvwpcdwk588u7l8hdutwx4elcd6688ypz,cosmosvalcons1rljsrflyeuzf3we6kghkf4qjeqflsygepnzl53,cosmosvalcons19y4nwy0ygg7z73ahhevt7uh090g8wr8sgv6n2l,cosmosvalcons1xpgp8n9xnpnd49pzv4jf6444048j23wvtsnvak,cosmosvalcons1xc0aszah3y7yksgy6rt63jf37d3dzuxcr8s59x,cosmosvalcons184pytrwcz8yjrndz5zq0kqvvhw3tj88a90hv5m,cosmosvalcons1gx49m7vtmw9gpxu4dfujtnepl2g96zxasea2j9,cosmosvalcons1g2ysa6n7nvpgjps9zdf4dkgtvse6ga6f6kmepz,cosmosvalcons1g4zw77yzsh34sfkm9rkx9ltsg42vcu2kgt95gy,cosmosvalcons1f4hpdclhmz0gmqulw95f844plqwfl9td6qcqym,cosmosvalcons12t4pcfx6jnr84rld03rwrzsul3rk64che77jfz,cosmosvalcons12h4v7ms5wfhp87tnjqmpgzrcvaqymuk2v49c7q,cosmosvalcons1t8xflpfzx4rnmatmemehcc8n52wmx6q3g4mxch,cosmosvalcons1t0kswnadw2e5rh3xksmz3uh7pyt6c8trcfwe5k,cosmosvalcons1v5v9hsn4awfr9gkl7ga7kn42qada457w83pqdz,cosmosvalcons1v6zrud945rxq6nl6eexf9rfqqafafwwnx57rvy,cosmosvalcons1vuwq3w64c8py9hz6xs5gnnvvqpccj0lesm3u0k,cosmosvalcons1dkw3fgnjnwjlq2hjqw46l4wws2zd6fns063eyq,cosmosvalcons1w86lpg205h9gsy32yetfkrp6nc7xuh90dz5uy3,cosmosvalcons1wns96l4057a75jez52hlhvw2d7t5wze4ke90cz,cosmosvalcons1wmvevar5kc5rtecr54m3q8gl6d0cf5mt29jcy9,cosmosvalcons108aypezdajecj03kg66c4gfu0l5f3053x392lf,cosmosvalcons10f4xx96k72eypj7l4qwlv4x6hfvecrenl09tsx,cosmosvalcons10vx7jlqg9tnezxfgqp873v294g0l2cpchuw6qc,cosmosvalcons10crq9qa7gp8paqxwwwxae3kp970duqgn0s9qcc,cosmosvalcons10m4u3cyxmdj98ame2nzye9xkldhs5cj7jm6yq5,cosmosvalcons1s7kc8tyvsj47tkyfpexlusrlz77dg26wmvt0hx,cosmosvalcons1sl5j5snqwqts3ru9qc0zqunmu08lvxvekpj2mt,cosmosvalcons133lxdszpdgqzel834x0c3uelej84nx2yhrey5d,cosmosvalcons13aa4rs0g2g8qh75ffmvryylyth43pc2kgmgdpf,cosmosvalcons1j6yyhc5af53347us6q68fq5x65dxh62rym9aq5,cosmosvalcons1jur4mxvvz9m3kw925zk0hl0snmks0z7fwmlc9x,cosmosvalcons1j7t42uegq7dm85l93rddsulsafkqnrqsnjtf5s,cosmosvalcons1nqz3a6w3zxpx6zsrh0wsxdx8cfr0c33k38lk8e,cosmosvalcons1njrm0dasu7d5h6qawtrtdrm3y27tqnhv0vxdyc,cosmosvalcons15xu5spj4r5j63wwyk4gwhmq7nvvkzx348krpn6,cosmosvalcons15t3h8hqgjj7qe584c75weu30r70g74tep3yuta,cosmosvalcons14fm6gslcf9sx5j5wk93ew5sx3sdza6j7vr96r4,cosmosvalcons1kkdkxvcl6gfqezdl9e7av4l8lx4qjzsaj380nf,cosmosvalcons1csa5vmvu8fsgtxmx5j8qk4xxv278q8a4pce87v,cosmosvalcons1635xssr82smqqr5mxwu2tqvnh9qx4hdresz7fw,cosmosvalcons16etd37wqd3h3209pwf7w86ast0c4vapcvf349n,cosmosvalcons1m9zg6xjs0g8hjtp97nl2uqwah3r53j5z6a9ppw,cosmosvalcons1md008gt5q9z3tgzxaq8rze8zys2pyds596lfv6,cosmosvalcons1msqd5pywcs9l99fsvfnqrpqtrr6g4j99uqmckk,cosmosvalcons1uykcdtp8jfvuhvxvr5k9m206mcla35j09s3q49,cosmosvalcons1uxjga5twkestune9nc8r5c4chet0g83kdf7u68,cosmosvalcons1uc6e0cl5duageq3hnfedxl7h62qwsvh6ppkgc4,cosmosvalcons1aegqgn27upl69skvjnc6s8ftdkkuzqlt46r6tg,cosmosvalcons17m4ucgq6q5wzzp4x7rxetfzjeppm5nc5f9nc32,cosmosvalcons1y9r49naje4wtqrkxy4eecgj25srzymgw8k5ywt,cosmosvalcons1y022gjzdfkrggfekjzyvf59zu4k64ar98aau5k,cosmosvalcons12lfvpusgm69kq0dxexm4ek2uxfvhhc6grdxfa8,cosmosvalcons1thhlg48txpsclg4e0rvl78yt2ge3ruw3utwd7q,cosmosvalcons10f6wkg5ckfkvnucvr35z5hqdugy7ud58rfsxmn,cosmosvalcons1lhnmnmd9arv33wsyyd06xp928n5zcpxp4t8k0t,cosmosvalcons1xhfftsd6wxx6jxl7xsdv8hsfk7txjgwf73uq6q,cosmosvalcons1tg3gv86h7y5znd52qghmsptgtf89s5xre3edlr,cosmosvalcons16p3evw80wdns6jqna8grfazfjenm80n7cle8kj,cosmosvalcons1nd2fpxeephw7tmqpgymrq3gvjpzwlr3wvjttu6,cosmosvalcons14knt8vk78wexsmd7792rcvyazrfraskv6hpm2t,cosmosvalcons1k3m4krltmlsz84hzgaytm59nn7pkd2xaygdpj0,cosmosvalcons1ht8qrurx6lpngj4pjns6rdhm7mlga0suun8jwk,cosmosvalcons1hexe6e6hnk0fan7n9vu6kt40nz86022kmyg9qp,cosmosvalcons1cq35fan5z5r5csl2rddjqclun93jn3hpxh2v0g,cosmosvalcons1cave3x44qrklv2wyemgjvl9rpanquspyeqvk4m,cosmosvalcons1e94h53knufh6m44chyun6thqxx90hflwue6x05,cosmosvalcons1efueez5q0x6m4sruhnmhe9x2q5xtfjuqazpjhc,cosmosvalcons1eszcs2tcl30a66nhy958u9xq9xdwqp9c65dnm6,cosmosvalcons1ek3cslf0ppj7sjavnjpyr494luu4j8fgdf6n8d,cosmosvalcons16q4jna57d07rufql8qtzaqhwf3ud3hdf5yt3y2,cosmosvalcons1vr0ajahfkaytrc0sdltmdqy6xu9a8gcz76c48z
1,a079b3c215df16f83b96b2e51b45f6050717df128a8f939f304daf3466c519ce,670102784,670100000,784,427,310,300,83,29,19,18,17,16,16,16,15,15,14,13,11,10,10,10,10,10,10,10,10,10,10,10,10,10,10,10,10,10,10,10,10,10,10,10,10,10,10,10,10,10,10,10,10,10,10,10,10,10,10,10,10,10,10,10,10,10,10,10,10,10,10,10,10,10,10,10,10,9,9,9,9,9,9,8,6,5,4,4,4,4,4,4,4,4,4,4,4,4,0
214,b7404829c6689c7be63e1f2bc5526b849d2c69f9ca1267fb66a475b32b659d14,670102834,670100000,784,427,310,300,83,39,19,18,17,16,16,16,15,15,14,23,11,10,10,10,10,10,10,10,10,10,10,10,10,10,10,10,10,10,10,10,10,10,10,10,10,10,10,10,10,10,10,10,10,10,10,10,10,10,10,10,10,10,10,10,10,10,10,10,10,10,10,10,10,10,10,10,10,9,9,9,9,9,9,8,6,10,4,4,4,4,4,4,10,4,5,10,10,10,0
260,9d8413d18b688b469515ed96df14175f34faf438a39d7f09b4bed91fc5e6cdd3,670102835,670100001,784,427,310,300,83,39,19,18,17,16,16,16,15,15,14,23,11,10,10,10,10,10,10,10,10,10,10,10,10,10,10,10,10,10,10,10,10,10,10,10,10,10,10,10,10,10,10,10,10,10,10,10,10,10,10,10,10,10,10,10,10,10,10,10,10,10,10,10,10,10,10,10,10,9,9,9,9,9,9,8,6,10,4,4,4,4,4,4,10,4,5,10,10,10,0
447,131a9aa1a3113ecd147962c31d7e90844e52b03213b4490967763d78ee55c2f9,670102836,670100002,784,427,310,300,83,39,19,18,17,16,16,16,15,15,14,23,11,10,10,10,10,10,10,10,10,10,10,10,10,10,10,10,10,10,10,10,10,10,10,10,10,10,10,10,10,10,10,10,10,10,10,10,10,10,10,10,10,10,10,10,10,10,10,10,10,10,10,10,10,10,10,10,10,9,9,9,9,9,9,8,6,10,4,4,4,4,4,4,10,4,5,10,10,10,0
448,9691daaf05369907dbbc8a4818b7f2a54a498f31b4b5718fa8decde3f96b31f2,670102837,670100003,784,427,310,300,83,39,19,18,17,16,16,16,15,15,14,23,11,10,10,10,10,10,10,10,10,10,10,10,10,10,10,10,10,10,10,10,10,10,10,10,10,10,10,10,10,10,10,10,10,10,10,10,10,10,10,10,10,10,10,10,10,10,10,10,10,10,10,10,10,10,10,10,10,9,9,9,9,9,9,8,6,10,4,4,4,4,4,4,10,4,5,10,10,10,0
544,c423845426d4b224a3202e7df41585a36cdc35341dc081308433eea339bc95e3,670102847,670100003,784,427,310,300,93,39,19,18,17,16,16,16,15,15,14,23,11,10,10,10,10,10,10,10,10,10,10,10,10,10,10,10,10,10,10,10,10,10,10,10,10,10,10,10,10,10,10,10,10,10,10,10,10,10,10,10,10,10,10,10,10,10,10,10,10,10,10,10,10,10,10,10,10,9,9,9,9,9,9,8,6,10,4,4,4,4,4,4,10,4,5,10,10,10,0
876,9d113d1ccbb2e50fdd1359953bbe96fe598918ac639834b59309fcac8f7a1035,670102848,670100003,784,427,310,300,93,39,19,18,17,16,16,16,15,15,14,23,11,10,10,10,10,10,10,10,10,10,10,10,10,10,10,10,10,10,10,10,10,10,10,10,11,10,10,10,10,10,10,10,10,10,10,10,10,10,10,10,10,10,10,10,10,10,10,10,10,10,10,10,10,10,10,10,10,9,9,9,9,9,9,8,6,10,4,4,4,4,4,4,10,4,5,10,10,10,0
948,32a9d7a1533f7497c7efa32e6c78b79a570790e3270e11fbce1fb9bc8d1eb55e,670102849,670100003,784,427,310,300,93,39,19,18,17,16,16,16,15,15,15,23,11,10,10,10,10,10,10,10,10,10,10,10,10,10,10,10,10,10,10,10,10,10,10,10,11,10,10,10,10,10,10,10,10,10,10,10,10,10,10,10,10,10,10,10,10,10,10,10,10,10,10,10,10,10,10,10,10,9,9,9,9,9,9,8,6,10,4,4,4,4,4,4,10,4,5,10,10,10,0
949,f50a108896ba94fcbd56afdf380d5ffdae07d560e4f2e2c1cb1ba2b9b264df0d,670102850,670100003,784,427,310,300,93,39,19,18,17,16,16,16,15,15,16,23,11,10,10,10,10,10,10,10,10,10,10,10,10,10,10,10,10,10,10,10,10,10,10,10,11,10,10,10,10,10,10,10,10,10,10,10,10,10,10,10,10,10,10,10,10,10,10,10,10,10,10,10,10,10,10,10,10,9,9,9,9,9,9,8,6,10,4,4,4,4,4,4,10,4,5,10,10,10,0
960,0c62e7d3db1e8c4152944518e714bd769c1ee2dd284edf026c6aed6637fc0312,670102851,670100003,784,427,310,300,93,39,19,18,17,16,16,16,15,15,17,23,11,10,10,10,10,10,10,10,10,10,10,10,10,10,10,10,10,10,10,10,10,10,10,10,11,10,10,10,10,10,10,10,10,10,10,10,10,10,10,10,10,10,10,10,10,10,10,10,10,10,10,10,10,10,10,10,10,9,9,9,9,9,9,8,6,10,4,4,4,4,4,4,10,4,5,10,10,10,0
994,29cb252d2ffc03e524640c358dce44cec64aa1195c1c0bccad7b9a03a10d4f21,670102861,670100003,784,427,310,300,93,39,19,18,17,16,16,16,15,25,17,23,11,10,10,10,10,10,10,10,10,10,10,10,10,10,10,10,10,10,10,10,10,10,10,10,11,10,10,10,10,10,10,10,10,10,10,10,10,10,10,10,10,10,10,10,10,10,10,10,10,10,10,10,10,10,10,10,10,9,9,9,9,9,9,8,6,10,4,4,4,4,4,4,10,4,5,10,10,10,0
1115,3d15cd6baab581a282e061f467ca697b34008d6be9e2d876d5378c523061a905,670102862,670100003,784,427,310,300,93,39,19,18,17,16,16,16,15,25,17,23,11,10,10,10,10,10,10,10,10,10,10,10,10,10,10,10,10,10,10,10,10,10,10,10,11,10,10,10,10,10,10,10,10,10,10,10,10,10,10,10,10,10,10,10,10,10,10,10,10,10,10,10,10,10,10,10,10,9,9,9,9,9,9,8,6,10,4,4,4,4,4,4,10,4,5,10,10,10,1
1278,f62b86cd57cc0244414e3ae09bafad4628eedadf754321ee6932bdbfa01f367e,670102872,670100003,784,427,310,300,93,39,19,18,17,26,16,16,15,25,17,23,11,10,10,10,10,10,10,10,10,10,10,10,10,10,10,10,10,10,10,10,10,10,10,10,11,10,10,10,10,10,10,10,10,10,10,10,10,10,10,10,10,10,10,10,10,10,10,10,10,10,10,10,10,10,10,10,10,9,9,9,9,9,9,8,6,10,4,4,4,4,4,4,10,4,5,10,10,10,1
1306,275f8d8b5547f8a885882fb4800cd07afbaae0e14d0cc51c276824d397c2c6bb,670102876,670100003,784,427,310,300,93,39,19,18,17,26,16,16,15,25,17,23,11,10,10,10,10,10,10,10,10,10,10,10,10,10,10,10,10,10,10,10,10,10,10,10,11,10,10,10,10,10,10,10,10,10,10,10,10,10,10,10,10,10,10,10,10,10,10,10,10,10,10,10,10,10,10,10,10,9,9,9,9,9,9,8,6,10,4,4,4,4,4,4,10,4,5,10,10,10,5
1342,a9ec04bc6a223d8505ff3904e5431303fb21b6a2c0cde45bde7f688ead3ee529,670102878,670100003,784,427,310,300,93,39,19,18,17,26,16,16,15,25,17,23,11,10,10,10,10,10,10,10,10,10,10,10,10,10,10,10,10,10,10,10,10,10,10,10,11,10,10,10,10,10,10,10,10,10,10,10,10,10,10,10,10,10,10,10,10,10,10,10,10,10,10,10,10,10,10,10,10,9,9,9,9,9,9,8,6,10,4,4,4,4,4,4,10,4,5,10,10,10,7
1378,0b0ab337411e2e5e32372bd4c1315bbc96ac59e8e2a43053c0efb6dd36262c3a,670102880,670100003,784,427,310,300,93,39,19,18,17,26,16,16,15,25,17,23,11,10,10,10,10,10,10,10,10,10,10,10,10,10,10,10,10,10,10,10,10,10,10,10,11,10,10,10,10,10,10,10,10,10,10,10,10,10,10,10,10,10,10,10,10,10,10,10,10,10,10,10,10,10,10,10,10,9,9,9,9,9,9,8,6,10,4,4,4,4,4,4,10,4,5,10,10,10,9
1414,e9847bf192fa665040a27cef84dfeed0099ace0bab04a4e0a7899b39820e47cb,670102881,670100003,784,427,310,300,93,39,19,18,17,26,16,16,15,25,17,23,11,10,10,10,10,10,10,10,10,10,10,10,10,10,10,10,10,10,10,10,10,10,10,10,11,10,10,10,10,10,10,10,10,10,10,10,10,10,10,10,10,10,10,10,10,10,10,10,10,10,10,10,10,10,10,10,10,9,9,9,9,9,9,8,6,10,4,4,4,4,4,4,10,4,5,10,10,10,10
1418,f139a043f29e798447a4b43a0365006193c37ddd5dcf7ad3ab80c1f27dce1d0e,670102882,670100003,784,427,310,300,93,39,19,18,17,26,16,16,15,25,17,23,11,10,10,10,10,10,10,10,10,10,10,10,10,10,10,10,10,10,10,10,10,10,10,10,12,10,10,10,10,10,10,10,10,10,10,10,10,10,10,10,10,10,10,10,10,10,10,10,10,10,10,10,10,10,10,10,10,9,9,9,9,9,9,8,6,10,4,4,4,4,4,4,10,4,5,10,10,10,10
1430,8f63286b8340e56aae494e82c46bf957d431b984359b401b19a7945594a706cc,670102891,670100003,784,427,310,300,93,39,19,18,17,26,16,16,15,25,17,23,11,10,10,10,10,10,10,10,10,10,10,10,10,10,10,10,10,10,10,10,10,10,10,10,21,10,10,10,10,10,10,10,10,10,10,10,10,10,10,10,10,10,10,10,10,10,10,10,10,10,10,10,10,10,10,10,10,9,9,9,9,9,9,8,6,10,4,4,4,4,4,4,10,4,5,10,10,10,10
1469,9d445c92186ec8f5f848bf7224bd2c11d0b8fe8d77c033f9bdf064c1b8a867c7,670102892,670100004,784,427,310,300,93,39,19,18,17,26,16,16,15,25,17,23,11,10,10,10,10,10,10,10,10,10,10,10,10,10,10,10,10,10,10,10,10,10,10,10,21,10,10,10,10,10,10,10,10,10,10,10,10,10,10,10,10,10,10,10,10,10,10,10,10,10,10,10,10,10,10,10,10,9,9,9,9,9,9,8,6,10,4,4,4,4,4,4,10,4,5,10,10,10,10
1485,4975ec7d7f6d146c90d5e93fcdb250b2bd751c4524f2c999f4cfa1a43575a2cf,670102893,670100004,784,427,310,300,93,39,19,18,17,26,16,16,15,25,17,23,11,10,10,10,10,10,10,10,10,10,10,10,10,10,10,10,10,10,10,10,10,10,10,10,21,10,10,10,10,10,10,10,10,10,10,10,10,10,10,10,10,10,10,10,10,10,10,10,10,10,10,10,10,10,10,10,10,9,9,9,9,9,9,8,6,10,4,4,4,4,4,5,10,4,5,10,10,10,10
1521,dfae04b921c577bbe44e3328d9ec21d44cd50bcf0289dde2d400b9e7dd8e58da,670102895,670100004,784,427,310,300,93,39,19,18,17,26,16,16,15,25,17,23,11,10,10,10,10,10,10,10,10,10,10,10,10,10,10,10,10,10,10,10,10,10,10,10,21,10,10,10,10,10,10,10,10,10,10,10,10,10,10,10,10,10,10,10,10,10,10,10,10,10,10,10,10,10,10,10,10,9,9,9,9,9,9,8,6,10,4,4,4,4,4,7,10,4,5,10,10,10,10
1557,8bef6268e9fd23378e3b8bb5c78c0c095d8b60b56f69f567253c37afb7ec237e,670102897,670100004,784,427,310,300,93,39,19,18,17,26,16,16,15,25,17,23,11,10,10,10,10,10,10,10,10,10,10,10,10,10,10,10,10,10,10,10,10,10,10,10,21,10,10,10,10,10,10,10,10,10,10,10,10,10,10,10,10,10,10,10,10,10,10,10,10,10,10,10,10,10,10,10,10,9,9,9,9,9,9,8,6,10,4,4,4,4,4,9,10,4,5,10,10,10,10
1593,3bb7ef4ad206dcfe9ac293a39618d7d7f9a6e8eaf8bbc292d402080a466d03fa,670102898,670100004,784,427,310,300,93,39,19,18,17,26,16,16,15,25,17,23,11,10,10,10,10,10,10,10,10,10,10,10,10,10,10,10,10,10,10,10,10,10,10,10,21,10,10,10,10,10,10,10,10,10,10,10,10,10,10,10,10,10,10,10,10,10,10,10,10,10,10,10,10,10,10,10,10,9,9,9,9,9,9,8,6,10,4,4,4,4,4,10,10,4,5,10,10,10,10
1653,0b2b57f720bed550d84395d0e60cd5be287e639ba6596ac8916f40007581447a,670102908,670100004,784,427,310,300,93,39,19,18,17,26,16,16,15,25,17,23,11,10,10,10,10,10,10,10,10,10,10,10,10,10,10,10,10,10,10,10,10,10,10,10,31,10,10,10,10,10,10,10,10,10,10,10,10,10,10,10,10,10,10,10,10,10,10,10,10,10,10,10,10,10,10,10,10,9,9,9,9,9,9,8,6,10,4,4,4,4,4,10,10,4,5,10,10,10,10
1665,28a1c8eed67fe0c7c5b412d54c35ef6df228954ab7dc218d201556a6c32ceeab,670102909,670100004,784,427,310,300,93,39,19,18,17,26,16,16,15,25,17,23,11,10,10,10,10,10,10,10,10,10,10,10,10,10,10,10,10,10,10,10,10,10,10,10,31,10,10,10,10,10,10,10,10,10,10,10,10,10,10,10,10,10,10,10,10,10,10,10,10,10,10,10,10,10,10,10,10,9,9,9,9,9,9,8,6,10,4,4,4,4,5,10,10,4,5,10,10,10,10
1701,d265d5a8203b3281d4c0743194012b8b573bf0ab7f8220e7d594b2b3d9d6dcaa,670102911,670100004,784,427,310,300,93,39,19,18,17,26,16,16,15,25,17,23,11,10,10,10,10,10,10,10,10,10,10,10,10,10,10,10,10,10,10,10,10,10,10,10,31,10,10,10,10,10,10,10,10,10,10,10,10,10,10,10,10,10,10,10,10,10,10,10,10,10,10,10,10,10,10,10,10,9,9,9,9,9,9,8,6,10,4,4,4,4,7,10,10,4,5,10,10,10,10
1737,b19ee0002b8eeccde6e1acd0f86b06fcb9402b3a004a35166fad1592561d437e,670102913,670100004,784,427,310,300,93,39,19,18,17,26,16,16,15,25,17,23,11,10,10,10,10,10,10,10,10,10,10,10,10,10,10,10,10,10,10,10,10,10,10,10,31,10,10,10,10,10,10,10,10,10,10,10,10,10,10,10,10,10,10,10,10,10,10,10,10,10,10,10,10,10,10,10,10,9,9,9,9,9,9,8,6,10,4,4,4,4,9,10,10,4,5,10,10,10,10
1772,2f9eca9e26a9554c23c9c36f685c0ddd50a109ba00646f3b3c0c99cd3cb3e1fa,670102914,670100004,784,427,310,300,93,39,19,18,17,26,16,16,15,25,17,23,11,10,10,10,10,10,10,10,10,10,10,10,10,10,10,10,10,10,10,10,10,10,10,10,31,10,10,10,10,10,10,10,10,10,10,10,10,10,10,10,10,10,10,10,10,10,10,10,10,10,10,10,10,10,10,10,10,9,9,9,9,9,9,8,6,10,4,4,4,4,10,10,10,4,5,10,10,10,10
1845,9993c4df43f8225e8f1058f6652441ee403fa9a0ddff3231d0ce270a7a907e9f,670102915,670100004,784,427,310,300,93,39,19,18,17,26,16,16,15,25,17,23,11,10,10,10,10,10,10,10,10,10,10,10,10,10,10,10,10,10,10,10,10,10,10,10,31,10,10,10,10,10,10,10,10,10,10,10,10,10,10,10,10,10,10,10,10,10,10,10,10,10,10,10,10,10,10,10,10,9,9,9,9,9,9,8,6,10,4,4,4,5,10,10,10,4,5,10,10,10,10
1881,b51fa3aacb209598db1d979337b033a27b9808262f86c0818cb30ce75ac62072,670102917,670100004,784,427,310,300,93,39,19,18,17,26,16,16,15,25,17,23,11,10,10,10,10,10,10,10,10,10,10,10,10,10,10,10,10,10,10,10,10,10,10,10,31,10,10,10,10,10,10,10,10,10,10,10,10,10,10,10,10,10,10,10,10,10,10,10,10,10,10,10,10,10,10,10,10,9,9,9,9,9,9,8,6,10,4,4,4,7,10,10,10,4,5,10,10,10,10
1917,1cdf430be063f4ce307e6c0494597458b9d9b3885386fb4226d1d26e57111f00,670102919,670100004,784,427,310,300,93,39,19,18,17,26,16,16,15,25,17,23,11,10,10,10,10,10,10,10,10,10,10,10,10,10,10,10,10,10,10,10,10,10,10,10,31,10,10,10,10,10,10,10,10,10,10,10,10,10,10,10,10,10,10,10,10,10,10,10,10,10,10,10,10,10,10,10,10,9,9,9,9,9,9,8,6,10,4,4,4,9,10,10,10,4,5,10,10,10,10
1953,4fcbc1776da2228c541f2f06a7b401f656e75421054de3313c5e1883e6638b77,670102920,670100004,784,427,310,300,93,39,19,18,17,26,16,16,15,25,17,23,11,10,10,10,10,10,10,10,10,10,10,10,10,10,10,10,10,10,10,10,10,10,10,10,31,10,10,10,10,10,10,10,10,10,10,10,10,10,10,10,10,10,10,10,10,10,10,10,10,10,10,10,10,10,10,10,10,9,9,9,9,9,9,8,6,10,4,4,4,10,10,10,10,4,5,10,10,10,10
2025,fe94eb6c6fffe453a140d545ca4adacd48e42b1c7aed33f2ee09ca37c45fd15f,670102921,670100004,784,427,310,300,93,39,19,18,17,26,16,16,15,25,17,23,11,10,10,10,10,10,10,10,10,10,10,10,10,10,10,10,10,10,10,10,10,10,10,10,31,10,10,10,10,10,10,10,10,10,10,10,10,10,10,10,10,10,10,10,10,10,10,10,10,10,10,10,10,10,10,10,10,9,9,9,9,9,9,8,6,10,4,4,5,10,10,10,10,4,5,10,10,10,10
2060,2a48c7277e4cdea046807034144bf2ae1f6265c990631c5b8ad68b5e696d96ff,670102923,670100004,784,427,310,300,93,39,19,18,17,26,16,16,15,25,17,23,11,10,10,10,10,10,10,10,10,10,10,10,10,10,10,10,10,10,10,10,10,10,10,10,31,10,10,10,10,10,10,10,10,10,10,10,10,10,10,10,10,10,10,10,10,10,10,10,10,10,10,10,10,10,10,10,10,9,9,9,9,9,9,8,6,10,4,4,7,10,10,10,10,4,5,10,10,10,10
2096,184af887cc979598d1aa694be1e4304e96167dc71d131dc18ad51dc8234b358f,670102925,670100004,784,427,310,300,93,39,19,18,17,26,16,16,15,25,17,23,11,10,10,10,10,10,10,10,10,10,10,10,10,10,10,10,10,10,10,10,10,10,10,10,31,10,10,10,10,10,10,10,10,10,10,10,10,10,10,10,10,10,10,10,10,10,10,10,10,10,10,10,10,10,10,10,10,9,9,9,9,9,9,8,6,10,4,4,9,10,10,10,10,4,5,10,10,10,10
2132,0d364bf2cfe990a0ecbe3c4df2c24c65c1b648fe2d53082bcd4fdff860efab5c,670102926,670100004,784,427,310,300,93,39,19,18,17,26,16,16,15,25,17,23,11,10,10,10,10,10,10,10,10,10,10,10,10,10,10,10,10,10,10,10,10,10,10,10,31,10,10,10,10,10,10,10,10,10,10,10,10,10,10,10,10,10,10,10,10,10,10,10,10,10,10,10,10,10,10,10,10,9,9,9,9,9,9,8,6,10,4,4,10,10,10,10,10,4,5,10,10,10,10
2204,f0f032bce561ebee93b2d1995c22fa53f230b20478ed2c2a232a2670bc5d9b21,670102927,670100004,784,427,310,300,93,39,19,18,17,26,16,16,15,25,17,23,11,10,10,10,10,10,10,10,10,10,10,10,10,10,10,10,10,10,10,10,10,10,10,10,31,10,10,10,10,10,10,10,10,10,10,10,10,10,10,10,10,10,10,10,10,10,10,10,10,10,10,10,10,10,10,10,10,9,9,9,9,9,9,8,6,10,4,5,10,10,10,10,10,4,5,10,10,10,10
2240,6da3a788383d5b169f7e7d611294fc6f21a0edb8eb746f5d4d80ea5896c7de40,670102929,670100004,784,427,310,300,93,39,19,18,17,26,16,16,15,25,17,23,11,10,10,10,10,10,10,10,10,10,10,10,10,10,10,10,10,10,10,10,10,10,10,10,31,10,10,10,10,10,10,10,10,10,10,10,10,10,10,10,10,10,10,10,10,10,10,10,10,10,10,10,10,10,10,10,10,9,9,9,9,9,9,8,6,10,4,7,10,10,10,10,10,4,5,10,10,10,10
2276,e1d551d7edb9766996ee0928e20993d24f6893646e952e1877982394e978141e,670102931,670100004,784,427,310,300,93,39,19,18,17,26,16,16,15,25,17,23,11,10,10,10,10,10,10,10,10,10,10,10,10,10,10,10,10,10,10,10,10,10,10,10,31,10,10,10,10,10,10,10,10,10,10,10,10,10,10,10,10,10,10,10,10,10,10,10,10,10,10,10,10,10,10,10,10,9,9,9,9,9,9,8,6,10,4,9,10,10,10,10,10,4,5,10,10,10,10
2303,2192ffac46e3bec1cf23d400495e81ce59448fc5d09101fb19337541803b3ac9,670102938,670100004,784,427,310,300,93,39,19,18,17,26,16,16,15,25,17,23,11,10,10,10,10,10,10,10,10,10,10,10,10,10,10,10,10,10,10,10,10,10,10,10,31,10,10,10,10,10,10,10,10,10,10,10,10,10,10,10,10,10,10,10,10,10,10,10,10,10,10,10,10,10,10,10,10,9,9,9,9,9,9,8,6,10,4,9,10,10,10,10,10,11,5,10,10,10,10
2312,ec6ad361b922029e2ce7137099b1ffc807c00df2dfc78ed66555ec5dc1ff5358,670102939,670100004,784,427,310,300,93,39,19,18,17,26,16,16,15,25,17,23,11,10,10,10,10,10,10,10,10,10,10,10,10,10,10,10,10,10,10,10,10,10,10,10,31,10,10,10,10,10,10,10,10,10,10,10,10,10,10,10,10,10,10,10,10,10,10,10,10,10,10,10,10,10,10,10,10,9,9,9,9,9,9,8,6,10,4,10,10,10,10,10,10,11,5,10,10,10,10
2383,1f022d5f2ac8a17dacaa5a468b09ccbc15ac10dd222498e035cfbd887444c275,670102942,670100004,784,427,310,300,93,39,19,18,17,26,16,16,15,25,17,23,11,10,10,10,10,10,10,10,10,10,10,10,10,10,10,10,10,10,10,10,10,10,10,10,31,10,10,10,10,10,10,10,10,10,10,10,10,10,10,10,10,10,10,10,10,10,10,10,10,10,10,10,10,10,10,10,10,9,9,9,9,9,9,8,6,10,7,10,10,10,10,10,10,11,5,10,10,10,10
2419,2018e68b1f68cde0e6e23a8329a91d9d37485ff566c53fe0654063919187ec75,670102944,670100004,784,427,310,300,93,39,19,18,17,26,16,16,15,25,17,23,11,10,10,10,10,10,10,10,10,10,10,10,10,10,10,10,10,10,10,10,10,10,10,10,31,10,10,10,10,10,10,10,10,10,10,10,10,10,10,10,10,10,10,10,10,10,10,10,10,10,10,10,10,10,10,10,10,9,9,9,9,9,9,8,6,10,9,10,10,10,10,10,10,11,5,10,10,10,10